Stream,Degree
Arts Stream,Arts
Arts Stream,Arts (SP)
Arts Stream,Arts (SAB)
Arts Stream,Communication Studies
Arts Stream,Peace and Conflict Resolution
Arts Stream,Islamic Studies
Arts Stream,Arabic Language
Arts Stream,Teaching English as a Second Language (TESL)
Arts Stream,Social Work
Arts Stream,Arts - Information Technology
Arts Stream,Music
Arts Stream,Dance
Arts Stream,Drama & Theatre
Arts Stream,Visual Arts
Arts Stream,Visual & Technological Arts
Arts Stream,Art & Design
Commerce Stream,Management
Commerce Stream,Management and Public Policy
Commerce Stream,Real Estate Management and Valuation
Commerce Stream,Commerce
Commerce Stream,Management Studies (TV)
Commerce Stream,Business Information Systems (Honours) (BIS)
Commerce Stream,Accounting Information Systems
Commerce Stream,Banking and Insurance
Commerce Stream,Service Management
Biological Science Stream,Medicine
Biological Science Stream,Dental Surgery
Biological Science Stream,Veterinary Science
Biological Science Stream,Agricultural Technology & Management
Biological Science Stream,Agriculture
Biological Science Stream,Food Science & Nutrition
Biological Science Stream,Food Science & Technology
Biological Science Stream,Ayurveda Medicine and Surgery
Biological Science Stream,Unani Medicine and Surgery
Biological Science Stream,Siddha Medicine and Surgery
Biological Science Stream,Biological Science
Biological Science Stream,Applied Sciences (Biological Science)
Biological Science Stream,Health Promotion
Biological Science Stream,Nursing
Biological Science Stream,Pharmacy
Biological Science Stream,Medical Laboratory Sciences
Biological Science Stream,Radiography
Biological Science Stream,Physiotherapy
Biological Science Stream,Biochemistry & Molecular Biology
Biological Science Stream,Fisheries & Marine Sciences
Biological Science Stream,Environmental Conservation & Management
Biological Science Stream,Animal Science & Fisheries
Biological Science Stream,Food Production & Technology Management
Biological Science Stream,Agricultural Resource Management and Technology
Biological Science Stream,Agribusiness Management
Biological Science Stream,Green Technology
Biological Science Stream,Animal Production and Food Technology
Biological Science Stream,Export Agriculture
Biological Science Stream,Aquatic Resources Technology
Biological Science Stream,Occupational Therapy
Biological Science Stream,Optometry
Biological Science Stream,Applied Chemistry
Biological Science Stream,Indigenous Medicinal Resources
Biological Science Stream,Aquatic Bioresources
Biological Science Stream,Urban Bioresources
Biological Science Stream,Medical Imaging Technology
Biological Science Stream,Speech and Hearing Sciences
Physical Science Stream,Engineering
Physical Science Stream,Engineering (EM) - Earth Resources Engineering
Physical Science Stream,Engineering (TM) - Textile & Apparel Engineering
Physical Science Stream,Transport Management & Logistics Engineering (TMLE)
Physical Science Stream,Physical Science
Physical Science Stream,Computer Science
Physical Science Stream,Applied Sciences (Physical Science)
Physical Science Stream,Industrial Statistics & Mathematical Finance
Physical Science Stream,Statistics & Operations Research
Physical Science Stream,Physical Science - ICT
Physical Science Stream,Artificial Intelligence
Physical Science Stream,Electronics and Computer Science
Physical Science Stream,Data Science
Engineering Technology Stream,Engineering Technology (ET)
Biosystems Technology Stream,Biosystems Technology (BST)
Biosystems Technology Stream,Information Communication Technology
Any Stream,Information Technology (IT)
Any Stream,Management and Information Technology (MIT)
Any Stream,Quantity Surveying
Any Stream,Surveying Science
Any Stream,Urban Informatics and Planning
Any Stream,Architecture
Any Stream,Fashion Design & Product Development
Any Stream,Landscape Architecture
Any Stream,Design
Any Stream,Law
Any Stream,Facilities Management
Any Stream,Management and Information Technology (SEUSL)
Any Stream,Science and Technology
Any Stream,Computer Science & Technology
Any Stream,Entrepreneurship and Management
Any Stream,Industrial Information Technology
Any Stream,Mineral Resources and Technology
Any Stream,Hospitality
Any Stream,Physical Education
Any Stream,Sports Science & Management
Any Stream,Information Technology & Management
Any Stream,Tourism & Hospitality Management
Any Stream,Information Systems
Any Stream,Translation Studies
Any Stream,Film & Television Studies
Any Stream,Project Management
Any Stream,Information and Communication Technology (ICT)
Any Stream,Software Engineering
Any Stream,Food Business Management
Any Stream,Marine and Fresh Water Sciences
Any Stream,Business Science
Any Stream,Financial Engineering
Any Stream,Geographical Information Science
Any Stream,Financial Mathematics and Industrial Statistics
Any Stream,Human Resource Development
Any Stream,Health Information and Communication Technology
Any Stream,Health Tourism and Hospitality Management
Any Stream,Biomedical Technology
Any Stream,Indigenous Pharmaceutical Technology
Any Stream,Yoga and Parapsychology
Any Stream,Social Studies in Indigenous Knowledge
Any Stream,Financial Economics
Any Stream,English Language & Applied Linguistics
Any Stream,Creative Music Technology and Production
Any Stream,Plantation Management and Technology
Any Stream,Primary Education
Any Stream,Polymer Science and Industrial Management
